place_id,restaurant_name,address,latitude,longitude,restaurant_rating,user_rating_count,area,competitor_count_500m,nearest_competitor_distance,avg_competitor_rating_500m,avg_competitor_reviews_500m,distance_to_bus_stop,distance_to_school,distance_to_office,restaurant_type,price_level
ChIJ-RNxuIUZ6zkRsDFn-ciYwkQ,CityScape Garden Grill,"Rooftop of Computer Bazaar Next to StarMall, Putali Sadak, काठमाडौँ 44600, Nepal",27.7065743,85.32298469999999,3.4,272.0,New Road,0,532.7370920080433,0.0,0.0,95.15120906521604,230.2706729694688,306.8084716020366,restaurant,
ChIJ09Q2F34Z6zkRLHrFvGWnMV8,Bardali Restro & Meetings,"Kathmandu 44600, Nepal",27.6827496,85.332481,3.8,559.0,Baneshwor,0,567.3282638507226,0.0,0.0,512.8145556948829,270.6717493286142,202.096460129438,family_restaurant,
ChIJ0eBjuSgZ6zkRFrzS1BS9v-w,Nepalaya Rooftop Restaurant,"Thamel, Kwabahal-17, Inside Hotel Nepalaya, Kathmandu 44600, Nepal",27.7114728,85.311557,4.7,997.0,New Road,19,78.9046987925548,4.547368421052632,917.6315789473684,486.0908409290415,438.1393951915268,311.7242419154559,restaurant,PRICE_LEVEL_MODERATE
ChIJ0xX1rSsZ6zkRuZtJOPFTpNE,Crunchy Corner Mid Baneshwo,"Miteri marga Kathmandu, काठमाडौँ 44600, Nepal",27.6983033,85.3385565,2.9,180.0,Baneshwor,18,4.614885192713634,4.15,506.55555555555554,587.3556706742263,92.28450726443909,99.10254595735624,restaurant,
ChIJ11f3NxUZ6zkRux1Yb9Tgmbo,SUNDOWN by Karma KTM,"United World Trade Centre, Tripura Marg, Kathmandu 44600, Nepal",27.6939567,85.313799,4.2,1025.0,New Road,0,850.0562363653634,0.0,0.0,77.32859385343819,212.8341292761856,85.95231191465976,restaurant,PRICE_LEVEL_EXPENSIVE
ChIJ1R0PLrYZ6zkR4_Qc4uhe4No,Supper Club,"Chaksibari, Kathmandu 44600, Nepal",27.7152911,85.3104372,4.3,384.0,New Road,25,0.3429695804065901,4.6160000000000005,1068.32,356.0473835282168,154.92322208475537,65.19428259542417,asian_restaurant,
ChIJ1Y_F6tIZ6zkRsNa81d0nBa0,"KIMAYA RESTAURANT -THAMEL,KATHMANDU","Paknajol Marg, Kathmandu 44600, Nepal",27.716869,85.30889959999999,4.8,291.0,New Road,15,42.37467341873006,4.62,1252.7333333333331,227.16047986386764,180.55718596928125,103.63793085936209,restaurant,
ChIJ2e9eEnYZ6zkRnuoRZipkN10,"Jimbu Thakali by Capital Grill, New Baneshwor","M8PR+WC9 Minbhawan, Minbhawan Marg, Kathmandu 44600, Nepal",27.6873502,85.34074369999999,4.4,3264.0,Baneshwor,4,149.96871184553356,4.475,102.25,177.0871143641487,290.5310743208529,4.101485139008857,restaurant,
ChIJ4SyB8jEZ6zkRxcdp8sfukf0,Jhomsha Restaurant,"Kathmandu 44600, Nepal",27.7110928,85.3089655,4.4,77.0,New Road,19,61.63631384798423,4.589473684210526,974.7368421052632,694.7383360416768,309.32207110588973,516.5522156970293,restaurant,
ChIJ51BdbwEZ6zkRYc9pq0fsvnQ,Sam's One Tree Cafe,"Kathmandu 44600, Nepal",27.7102986,85.3170511,4.2,1511.0,New Road,8,84.68395847581827,4.45,444.125,208.8743663570889,268.3392494272395,161.50674952237495,cafe,PRICE_LEVEL_MODERATE
ChIJ5SO0EQ0Z6zkRTMnqUebrTqA,Drishya Lounge - Best Lounge in New Baneshwor,"Devkota Sadak, Kathmandu 44600, Nepal",27.6922623,85.3364717,4.5,1180.0,Baneshwor,21,48.66658730660791,4.161904761904762,190.04761904761904,218.0028827078472,324.0836907602414,176.23294016857898,restaurant,PRICE_LEVEL_EXPENSIVE
ChIJ6RqOl9cZ6zkR0rmIKkeEIME,"Newa Lahana, Kamaladi","Kathmandu 44600, Nepal",27.7086142,85.31809349999999,3.6,29.0,New Road,7,138.7491044642486,4.485714285714286,604.0,250.3398784364133,242.6747501340081,231.4784618187642,restaurant,
ChIJ6YU05q8Z6zkRPnhsAP4XPIs,Mulchowk Restaurant,"Tanka Prasad Ghumti Sadak, Kathmandu 44600, Nepal",27.6945403,85.32288700000001,4.2,381.0,New Road,1,23.075281787498955,4.5,684.0,171.91871126281643,220.48656636843413,283.72229627672806,restaurant,PRICE_LEVEL_EXPENSIVE
ChIJ7-LURyEZ6zkRwrh2LlxIa1s,Maven Cafe,"Rara Complex, Kathmandu 56900, Nepal",27.6883394,85.33410219999999,4.1,119.0,Baneshwor,16,25.22943634275988,4.20625,411.0625,66.20419047019193,117.52538679899122,1.5427834667750582,restaurant,
ChIJ7f4sHsAZ6zkR6ihoZtPqKXg,Ghuicho Restaurant & Bar घुुईंचो,"P826+F83, Kathmandu 44600, Nepal",27.7011492,85.3108029,4.4,48.0,New Road,15,150.78197640851906,4.166666666666667,254.0,307.032409833956,447.3092781080821,204.2450342009483,restaurant,
ChIJ80d6luAZ6zkRji1NvN6uTm4,Crunchy Corner New Baneshwor,"Bhaktithapa Rd, Kathmandu 44600, Nepal",27.6911263,85.3337263,3.3,305.0,Baneshwor,24,199.39302433906764,4.291666666666667,300.0833333333333,220.40697506571223,204.55325441418708,237.88782526434736,restaurant,
ChIJ9Th5PAsZ6zkRqKyTNpAHHuY,The grillfather,"Pipal Bot Marg, Kathmandu 44600, Nepal",27.6994708,85.33806609999999,4.2,163.0,Baneshwor,14,38.30203049972324,4.15,584.2142857142857,450.5751468769095,57.87555142336176,201.68509097529744,restaurant,PRICE_LEVEL_MODERATE
ChIJA2b855MZ6zkRA-eywJByI34,Mazaaj Restaurant & Sheesha Lounge,"Kathmandu 44600, Nepal",27.7164836,85.3118358,4.6,753.0,New Road,21,190.92981528559,4.609523809523809,1156.904761904762,189.03326867920407,170.42536772338966,151.41209748965926,mediterranean_restaurant,
ChIJAdzNWGEZ6zkRmnxt49SnFxU,Oktobeer,"M8VJ+2WC, Lakhe Chaur Marg, Kathmandu 44600, Nepal",27.692559,85.33218049999999,4.2,150.0,Baneshwor,18,128.5936149170447,4.222222222222222,317.3888888888889,196.23139983768507,352.3322432551552,369.92608870908447,beer_garden,PRICE_LEVEL_MODERATE
ChIJB0VsQ7EZ6zkR5aGw77DLAE4,Terrace Cafe & Restro,"Kathmandu 44600, Nepal",27.6880675,85.3353082,3.8,51.0,Baneshwor,16,34.89912112970958,4.225,415.3125,82.18171353823942,112.75256429353296,123.20181359579075,cafe,
ChIJB_vJq38Z6zkR90mVz1Mzi2Y,Walnut Bistro - Restaurant in Kathmandu,"Do-Cha Marga, Kathmandu 44600, Nepal",27.7306402,85.3272636,4.7,3136.0,New Road,0,1527.9871812676267,0.0,0.0,457.2701807829838,296.3389065596059,169.74979291430395,restaurant,PRICE_LEVEL_MODERATE
ChIJBdgOlOsZ6zkRPj8mLkG3awE,Vault Restro and Bar,"Jhochhen (Old, Freak St, Kathmandu 44600, Nepal",27.702265,85.3072033,4.4,113.0,New Road,17,95.1868296965453,4.170588235294118,242.76470588235293,623.4162464615381,287.7816419403981,170.58733671230843,bar_and_grill,
ChIJBykoIakZ6zkRF_XlBRh4rK8,Monster Meal - Newroad,"Dharma Path, Kathmandu 44600, Nepal",27.7031497,85.3089634,4.5,656.0,New Road,18,48.805132445857154,4.183333333333334,212.16666666666663,454.9140557711573,479.4963731725556,62.4375881641017,restaurant,
ChIJC7S-QBIZ6zkRHEWLn0loyog,Corner Point Restaurant &Bar,"Corner Point Restaurant And Bar, Pyukha Marg, Kathmandu 44600, Nepal",27.7032796,85.3118257,4.6,45.0,New Road,16,39.18159608969089,4.16875,257.8125,187.76731695786924,694.416605249451,101.9467132344126,pizza_restaurant,
ChIJCcktfJIZ6zkRGmmvhHvIJLc,Jigri Sekuwa-Shantinagar,"Metro Market, Kathmandu 44660, Nepal",27.690355,85.3454349,4.7,1299.0,Baneshwor,1,485.92285507597296,4.5,96.0,459.6266495747146,281.801715588,495.837607663464,pub,
ChIJD3hJz3kZ6zkRWXOu725x47Q,Jasper Restaurant,"P876, Thabahi Road, Kathmandu 44600, Nepal",27.7141684,85.31195319999999,4.7,4152.0,New Road,24,40.44109614339503,4.604166666666667,937.7916666666666,444.8269877342129,296.62349581920915,120.64511566621566,restaurant,
ChIJDabVcDEb6zkR_mKfZ7JcIZg,Bottlehouse - BYOB & Dine-in,"Devkota Marg, Kathmandu 44600, Nepal",27.6970749,85.3379209,4.6,67.0,Baneshwor,19,144.11233521295532,4.0736842105263165,295.3684210526316,669.7807218658407,158.6871957332986,65.15302124877442,restaurant,
ChIJE2swU_8Z6zkRz9f7evko5w4,Vinoliva Restaurant & Bar,"Narayanhiti Palace Museum North Gate Rd, Kathmandu 44600, Nepal",27.7179539,85.32119279999999,4.3,252.0,New Road,0,667.5969504194012,0.0,0.0,151.22035284993703,332.01267857230994,519.994588663834,restaurant,
ChIJE6Nn5_wY6zkRQQ5TuSmrNyI,New Orleans Cafe,"338/19 Chaksibari Marg, Kathmandu 44600, Nepal",27.7152938,85.3104355,4.2,1516.0,New Road,25,0.3429695804065901,4.62,1023.04,355.85140994610435,154.89520847827507,64.90098933084232,cafe,PRICE_LEVEL_MODERATE
ChIJFaOQ8PwY6zkRWxO1NNCiy04,Roadhouse Cafe,"Chaksibari Road, Kathmandu 44600, Nepal",27.7143996,85.31033289999999,4.5,3531.0,New Road,25,55.8602480669604,4.6080000000000005,942.44,450.7016594106997,135.15091784132358,164.42082282884903,pizza_restaurant,PRICE_LEVEL_MODERATE
ChIJG-DXAQAZ6zkR6q9WJ9HGL3o,Baneshwor Garden by RnB,"M8XQ+WF7, Devkota Sadak, Kathmandu 44600, Nepal",27.699478000000003,85.338652,4.0,84.0,Baneshwor,16,28.15971520278538,4.15625,562.875,481.12621280300897,62.06213541915669,216.11636177319232,asian_restaurant,
ChIJGwVRmy8Z6zkR6XZXcID6Lmg,Hankook Sarang Korean Restaurant,"30 Bharma Kumari Marga, Kathmandu 44600, Nepal",27.7134881,85.312561,4.4,947.0,New Road,22,23.80892597167881,4.577272727272727,1051.909090909091,522.983116749263,375.69927239537225,73.66467923640771,korean_restaurant,
ChIJHQw2KNYZ6zkRtKNtnylpaFc,Hideaway Restaurant,"M8XV+XGP, Kathmandu 44600, Nepal",27.6999583,85.3438303,4.2,39.0,Baneshwor,10,12.215574017761847,4.17,662.9,506.4732145836956,243.6211937576068,26.950210632239703,restaurant,
ChIJHeXQ6oEZ6zkRNeqTWTMOBRc,The Gaga Restaurant,"New Baneshwor Rd, Kathmandu 44600, Nepal",27.6928302,85.3364952,3.1,169.0,Baneshwor,18,38.34948837749271,4.199999999999999,271.05555555555554,279.1813293500844,317.7229185885132,198.62880838360564,tibetan_restaurant,
ChIJI8MhiKUZ6zkRNNug_VFzHJ4,Pong Restaurant,"Devkota Sadak, Kathmandu 44600, Nepal",27.698655100000003,85.3380328,4.1,42.0,Baneshwor,17,45.09894838207961,4.094117647058823,541.7058823529412,529.6586603946049,33.73556933560212,111.5848747587545,restaurant,
ChIJIZgdZLQZ6zkRi_m4LP4gt1E,Twenty Forty,"P82Q+GXJ, Main Road, Kathmandu 44600, Nepal",27.7013348,85.3398996,4.3,2179.0,Baneshwor,18,123.65445752202788,4.105555555555556,472.8333333333333,444.0391793349503,181.2214946260479,39.49347320902376,restaurant,PRICE_LEVEL_MODERATE
ChIJJ1Fva_0Y6zkRSVtptrQz7V0,Revolution Cafe,"नयाँ सडक, Kathmandu 44600, Nepal",27.7037579,85.3092563,4.1,596.0,New Road,18,73.32787662074227,4.205555555555556,215.5,442.73138850098536,488.2919662781674,74.68656470491459,restaurant,PRICE_LEVEL_MODERATE
ChIJJ4PqFh8Z6zkRP7-SN12cGKU,华都24 小时餐厅（24 Hours Restaurant）,"Mt.fugi Japanese cuisine, Kathmandu 44600, Nepal",27.7142943,85.31242569999999,5.0,1.0,New Road,23,48.64176867737605,4.573913043478261,1148.391304347826,408.8901782298458,340.21137099047843,82.54480824221663,restaurant,
ChIJKRoo4lMZ6zkRPbStKEegYA8,Graveaty Restaurant and Bar,"Chhusya Galli, Kathmandu 44600, Nepal",27.7123015,85.31318879999999,4.8,807.0,New Road,24,78.64114427759341,4.520833333333333,884.2916666666666,630.8928009002557,491.22729385044505,177.9983473226047,restaurant,
ChIJKdFQciQZ6zkR8zoY3ZoLGY0,The Grill Nation,"Kathmandu 44600, Nepal",27.7038207,85.3413271,4.2,1186.0,Baneshwor,8,29.02394738568134,4.125,658.625,482.8276996029448,112.09010875181356,157.69606942688324,bar_and_grill,PRICE_LEVEL_MODERATE
ChIJLf4nyv0Y6zkRvcrMLJgtwXg,Newa MoMo Restaurant,"Kwabahal, 38 Thamel Marg, Kathmandu 44600, Nepal",27.7121887,85.3115357,4.6,947.0,New Road,21,17.061717994685804,4.561904761904762,985.4285714285714,537.3677826423069,374.5293770802245,247.63583590014315,restaurant,PRICE_LEVEL_INEXPENSIVE
ChIJLyqUmFUY6zkR4rGIUWQxRRc,Koyla Lounge & Bar,"P836+F65, Kathmandu 44600, Nepal",27.7036341,85.3106112,3.9,1059.0,New Road,18,74.9030398519467,4.216666666666667,189.77777777777777,312.88302086757915,565.3201053043902,5.756244162830706,restaurant,PRICE_LEVEL_MODERATE
ChIJM-DoeAAZ6zkR2UqReZsJv3I,Biryani Adda & Tandoor Newroad,"P837+85X, Suratbajra Marg, Kathmandu 44600, Nepal",27.70334,85.3129683,4.5,235.0,New Road,13,101.47074635070412,4.146153846153846,260.3076923076923,107.35487280824675,618.7122604056314,212.1279067840703,restaurant,
ChIJM87AcAAZ6zkRwwbzPHHg6g8,Pizza World Baneshwor,"M8WP+CQX, Kathmandu 44600, Nepal",27.6962594,85.3367828,4.5,114.0,Baneshwor,21,144.11233521295532,4.1,304.6190476190476,657.826162298207,87.95598570884864,210.9330204781256,pizza_restaurant,
ChIJMUqHRF0Z6zkR7Id2nb9GhJ8,T's your palate,"Z Street, Kathmandu 44600, Nepal",27.7166935,85.30981589999999,4.7,2448.0,New Road,17,51.17548208165071,4.605882352941176,1107.5882352941176,257.16957610159426,211.97336748091303,35.13197499645557,hamburger_restaurant,PRICE_LEVEL_MODERATE
ChIJN-A35aUZ6zkRyQKxOZbsSlg,Two Sister’s Cafe,"M8VP+FH5, Nava Srijana Marg, Kathmandu 44600, Nepal",27.693639,85.3364861,4.4,50.0,Baneshwor,16,89.63128018705672,4.09375,221.125,366.5632142931436,233.4686505028928,125.58019561554411,restaurant,
ChIJN2bkYgAZ6zkR9MahFrboQ8k,Local Khana,"M89X+W45, Kathmandu 44600, Nepal",27.6921419,85.32901919999999,4.5,60.0,Baneshwor,5,55.19656873159926,4.12,205.2,119.85863505821372,164.5819738502978,55.15090844723369,family_restaurant,
ChIJNa4Q9J0Z6zkRVCDs5FglFuA,The Noodles Bar,"Basuki Marg, Kathmandu 44600, Nepal",27.6987094,85.3406925,4.5,196.0,Baneshwor,18,205.39621971674683,4.105555555555556,513.6111111111111,519.8833155685438,137.07627240899234,295.04995013132844,noodle_shop,
ChIJNyFJApYZ6zkR9kxSVuP23DQ,The Bakery Cafe Baneshwor,"Chhakku Bakku Marg, Kathmandu 44600, Nepal",27.6887822,85.33446970000001,4.0,1373.0,Baneshwor,20,35.63818868780098,4.165,289.05,32.353668340724035,94.77224099199954,62.5456650824847,cafe,PRICE_LEVEL_MODERATE
ChIJO2eo8zYZ6zkRcKOUySjJ0m0,Trailers Mania,"lakhey marg, Kathmandu 44600, Nepal",27.6941416,85.3353005,4.7,60.0,Baneshwor,16,129.53098371244403,4.075,220.5,418.894898842003,159.14447494499532,208.885060931233,restaurant,
ChIJPeMuDAAZ6zkRkJ_TH40rYPM,Om Veg Momo,"P836+FQ5, नयाँ सडक, Kathmandu 44600, Nepal",27.7036398,85.3119962,4.9,82.0,New Road,16,40.330118729814686,4.15,255.5,195.9058010846517,653.7274325611246,116.17807640396272,restaurant,
ChIJQ1Uw7b8Z6zkR-fjNfHeUMgQ,Friends Restaurant,"Aloknagar 31, काठमाडौँ 44600, Nepal",27.6863705,85.3423227,4.8,99.0,Baneshwor,3,72.6266757641551,4.2,1186.6666666666667,330.9436244020531,456.8549907359947,190.3319532283356,restaurant,
ChIJQT_mFMMZ6zkRW9YSEWckajo,"Meraki Cafe,Restro & Bar | Restaurant in Thamel, Kathmandu","Narsingh Chowk Marg, Kathmandu 44600, Nepal",27.7141074,85.31154889999999,4.7,117.0,New Road,24,40.44109614339503,4.604166666666667,1105.9166666666667,453.8551811782214,259.3665584472516,158.5534769554015,restaurant,
ChIJS7rdpDIZ6zkRLhhUou052XM,Cityscape Legacy Lounge and Bar,"New Baneshwor Road, Kathmandu 04500, Nepal",27.687902,85.3356092,5.0,6.0,Baneshwor,16,34.89912112970958,4.15,418.125,58.0701613891321,125.20266623781744,156.73860212916716,restaurant,
ChIJSZfWvYAZ6zkRqnfF_uOh-9Y,Masala Beads Café,"32 Bharma Kumari Marga, Kathmandu 44600, Nepal",27.7129596,85.3128904,4.2,254.0,New Road,23,29.133548612530983,4.582608695652175,984.3478260869564,518.4310677457545,429.2730334060237,107.87278312172944,restaurant,
ChIJSx2KElcZ6zkRi7F8DPfzktY,Jheer Baneshwor,"M8WV+R4F, Ghumti Kumari Marg, Kathmandu 44600, Nepal",27.6976024,85.3429546,3.8,509.0,Baneshwor,15,148.91647107883864,4.12,409.06666666666666,283.2496888413831,391.18432434122326,273.03430483991934,bar_and_grill,PRICE_LEVEL_MODERATE
ChIJT0ZgYXwZ6zkRyHWEWMKx1J0,Yasumi Japanese Restaurant,"2nd floor Durbar Mall, Durbar Marg, Kathmandu 44600, Nepal",27.7121854,85.3175564,4.5,173.0,New Road,10,5.518284789743821,4.4,639.3,408.8772277466064,483.11330694869866,58.19511042293041,japanese_restaurant,
ChIJT0sj6KkZ6zkRihA2p9gMvYg,Parpala Bistro & Cafe,"Bagmati Corridor, Kathmandu 44600, Nepal",27.6828793,85.3387072,4.0,377.0,Baneshwor,1,468.774915980941,4.7,19.0,493.09779874610194,306.291766175059,538.6929109908727,restaurant,PRICE_LEVEL_MODERATE
ChIJT4XtMo8Z6zkR0rLorhDMv2U,Michael Grills (Mid-Baneshwor),"Devkota Sadak, Kathmandu 44600, Nepal",27.6987887,85.338612,4.5,1939.0,Baneshwor,16,24.21876572812469,4.0625,453.9375,542.9805776127786,65.5713286697675,145.4824161008526,bar_and_grill,
ChIJTadnFTQZ6zkRSbgoV1P0f9o,Sanchyan Ramen Japanese Restaurant,"Trisara Building, दरवार मार्ग, काठमाडौँ 44600, Nepal",27.7122165,85.3175127,4.7,1080.0,New Road,10,5.518284789743821,4.38,548.6,409.8909725344474,485.6375021153568,62.64253407009732,ramen_restaurant,
ChIJTb0nnhMZ6zkRrb6vS8SMf_E,Dak-Galbi Korean House,"Lyakusa Galli, Kathmandu 44600, Nepal",27.7032351,85.3080056,4.5,243.0,New Road,18,94.94070750304458,4.183333333333334,235.11111111111111,549.7223113559381,388.5288957418768,37.191292245520266,restaurant,
ChIJTbwdP2YZ6zkRKMxlUGbdRV0,Le Mirch by Exotic,"The Park, Durbar Marg, Kathmandu 44600, Nepal",27.7111284,85.3177106,4.2,81.0,New Road,8,66.39368558821471,4.45,622.875,320.672817184202,373.5193650451983,60.56053227819364,north_indian_restaurant,
ChIJTdMmLgAZ6zkR84zXOWwdgPE,Pink Putali Restaurant & Bar,"4 Chhakku Bakku Marg, Kathmandu 44600, Nepal",27.6890639,85.3342954,4.8,87.0,Baneshwor,20,35.63818868780098,4.125,353.35,67.05259250605418,77.85811873222231,83.9788296848343,restaurant,
ChIJUX8hSAsZ6zkRhQStVfe2nH4,JamPauroti - Food & Drinks,"Opposite of Prime Times Television, Chowk Katyani Marg, Kathmandu 44600, Nepal",27.694638,85.34437849999999,4.5,96.0,Baneshwor,3,228.64151450141463,4.4,627.3333333333334,87.12782796567082,461.7573668950869,578.826710353402,cafe,
ChIJUdLoahQZ6zkRJ17GMqk5GQM,Tha Chhen Restaurant,"Balbhadra Marg, Kathmandu 44600, Nepal",27.6940265,85.33905229999999,3.9,47.0,Baneshwor,15,117.0047963596855,4.08,224.9333333333333,515.2092794399888,246.04212592238463,169.86902178594775,restaurant,
ChIJV12M1MEZ6zkRtD1gakfrWgo,Gaunghar restaurant,"pink bridge, Bijuli bazar bridge, Kathmandu 44600, Nepal",27.69235,85.32952759999999,4.9,9.0,Baneshwor,5,43.545071742873866,4.04,215.4,71.51816360495877,121.23087947261922,107.87490168226866,restaurant,
ChIJV_lIWZsZ6zkRMQtAvim5v9g,"A One Cafe Old Baneshwor, 01-4586546","Kathmandu 44600, Nepal",27.7000644,85.3437967,3.4,477.0,Baneshwor,11,12.215574017761847,4.254545454545454,614.2727272727273,518.5488728527148,233.5388950760328,36.160156573508026,restaurant,PRICE_LEVEL_MODERATE
ChIJW5PfqdEZ6zkRD9UHa2qe3Ws,Indrachowk Bara Pasal,"Kathmandu 44600, Nepal",27.7061875,85.3089375,4.4,312.0,New Road,15,125.6378182553288,4.16,250.26666666666668,576.8720056460968,531.7531834210557,266.3861571102452,restaurant,PRICE_LEVEL_INEXPENSIVE
ChIJX0WHr8wZ6zkRMN4234uf49E,Mero Cafe,"Basuki Marg, Kathmandu 44600, Nepal",27.6966809,85.3440535,4.7,74.0,Baneshwor,6,148.91647107883864,4.05,326.8333333333333,144.99756903731773,535.5653713501864,351.6891238136425,restaurant,
ChIJX2QQpsEZ6zkRR3SzBj5O1Bw,Breakfast House Thamel,"kwabahal, Wak Bajra Marg, Kathmandu 44600, Nepal",27.711446,85.3107575,4.9,926.0,New Road,19,78.9046987925548,4.536842105263158,921.3684210526316,550.8565145287704,400.8484461089414,360.04407347607446,breakfast_restaurant,PRICE_LEVEL_MODERATE
ChIJX497NIYZ6zkRz2V32uTQHYg,Shandar Cafe,"Siddhicharan Marg, Kathmandu 44600, Nepal",27.7018091,85.3085371,4.3,167.0,New Road,17,83.36770493838674,4.18235294117647,248.1764705882353,497.2988622018625,154.79032404398677,158.2806160616309,restaurant,
ChIJXZJdH6MZ6zkRe54E_8Ro9yk,Blue Coriander Restaurant,"6th floor, 310 बत्तीसपुतली सडक, काठमाडौँ 44600, Nepal",27.7038502,85.3416195,4.5,22.0,Baneshwor,8,29.02394738568134,4.0875,804.125,465.2834668817037,141.01369837668346,171.20913549591586,restaurant,
ChIJY8eVmv0Y6zkRZuqMvR38axA,Gaia Restaurant,"Kathmandu 44600, Nepal",27.7132225,85.3128918,4.5,1248.0,New Road,24,29.133548612530983,4.575,1003.9166666666666,543.5929546521036,417.0384433935371,79.74979103092025,restaurant,PRICE_LEVEL_MODERATE
ChIJZ4GHjT0Z6zkRstc0AyjhR-g,Riva Grill House,"Shree Panchakumari Marg, Kathmandu 44600, Nepal",27.6927042,85.33685729999999,4.4,28.0,Baneshwor,18,38.34948837749271,4.127777777777777,278.8888888888889,277.0315892531805,319.24289707342285,198.91715333787155,restaurant,
ChIJ_XTvTAAZ6zkRj-j8PBuZn6k,Shandaar Momo Newroad,"P835+3GX, Kathmandu 44600, Nepal",27.702721,85.30884999999999,2.8,4.0,New Road,18,48.805132445857154,4.277777777777778,248.38888888888889,461.0646483378628,488.18544211147446,71.86133015420027,restaurant,
ChIJaQ7iRAcZ6zkRa8Q9aF7u9UE,Timmure Mid-Baneshwor,"Kathmandu 44600, Nepal",27.6947152,85.33714719999999,3.4,351.0,Baneshwor,19,91.2843618365212,4.142105263157895,290.7368421052632,497.584373880246,113.85206301923436,39.36708664953753,barbecue_restaurant,
ChIJaR9k-9YZ6zkRZ7QqfJPE1X8,New Food Restaurant,"P826+XFQ, Kathmandu 44600, Nepal",27.702451,85.3112477,3.9,201.0,New Road,16,90.96894883450996,4.2125,248.0625,224.02787306347267,597.5555534443454,54.51903700205346,restaurant,
ChIJaZxtbJkZ6zkRjJJmY9US5w0,Wonderland Restaurant,"MiteriMerg, Kathmandu 44600, Nepal",27.6983381,85.3385308,4.0,219.0,Baneshwor,18,4.614885192713634,4.088888888888889,504.3888888888889,582.7647979618586,87.68950783693498,100.21532887013156,fast_food_restaurant,PRICE_LEVEL_MODERATE
ChIJb9blT9wZ6zkRoIXz_1xmxCc,Local Sekuwa,"P82R+9FX, Kathmandu 44600, Nepal",27.701059,85.3411144,4.0,1103.0,Baneshwor,19,123.65445752202788,4.105263157894737,531.3684210526316,566.1251732213435,91.0034555487388,86.539073514709,barbecue_restaurant,
ChIJbVEg17UZ6zkRR_4YC0zCIR8,"Jholpattey, New Baneshwor","M8RP+QCW, Devkota Sadak, Kathmandu 44600, Nepal",27.6919908,85.33608389999999,3.7,50.0,Baneshwor,23,45.478287468994914,4.195652173913044,298.5217391304348,179.81416106775967,346.70275056094914,145.29677014010852,restaurant,
ChIJbeSodM0Z6zkRAm0ihw0Xqzg,Bibimbap Korean Restaurant,"Amrit Marg, Kathmandu 44600, Nepal",27.7135953,85.3122558,4.4,131.0,New Road,23,17.11514071552197,4.6,1142.7391304347825,508.86372133216594,343.3416165208563,93.87369237541012,korean_restaurant,
ChIJc6pnXwAZ6zkRoYuMEnp4Zao,New Durbar Restro & Bar,"Kathmandu 44600, Nepal",27.7098584,85.3179359,4.8,10.0,New Road,7,76.41607626875799,4.314285714285714,606.7142857142857,253.4447881955617,254.3101388318355,111.57610677985416,family_restaurant,
ChIJcTOBiaYZ6zkR3s7tVcehvYw,Food Hub by H20 (Mid Baneswor),"M8XQ+H8, Kathmandu 44600, Nepal",27.6988982,85.3383995,4.2,362.0,Baneshwor,16,24.21876572812469,4.08125,552.5,521.9955933296494,42.43809011619731,147.20804159307772,restaurant,
ChIJcxurJwAZ6zkRPb6_3KNRysE,"Alcove Restaurant , a Sanctuary","Kathmandu 44600, Nepal",27.6874464,85.3381508,3.5,277.0,Baneshwor,12,160.54064101709704,4.391666666666667,568.8333333333334,42.01003692990757,243.2493583010628,100.59147314432438,restaurant,
ChIJedNq0GsZ6zkR_eJEbAIqdIw,Yog Rooftop Garden Restaurant & Bar,"Kaldhara Marg, Kathmandu 44600, Nepal",27.7170214,85.307445,4.5,433.0,New Road,10,140.6078634756475,4.59,1414.1,167.32584080908933,229.07584963022327,242.350164971407,restaurant,PRICE_LEVEL_MODERATE
ChIJfzH9NoQZ6zkRY6MimRHVnH0,Lazy Monk Restaurant and Bar,"10 Paknajol Marg, Kathmandu 44600, Nepal",27.7114818,85.3085188,4.3,44.0,New Road,19,61.63631384798423,4.594736842105263,976.4736842105264,751.3400167771696,248.4440818552549,523.5039957562515,restaurant,
ChIJg46X5o8Z6zkREkj7a26YfNk,Hunger End Thakali Kitchen and Rooftop Restaurant,"27 Kanti Path, Kathmandu 44600, Nepal",27.7093357,85.314537,4.5,80.0,New Road,15,269.9356899139625,4.493333333333334,804.4,111.9507819781346,254.1663908115676,405.1146167961949,restaurant,
ChIJgav3eu4Z6zkRT5NMXPCu-Eo,Go Foodie Cafe,"M8QP+4J4, Kathmandu 44600, Nepal",27.6877706,85.3365646,4.9,14.0,Baneshwor,17,95.36257231588802,4.170588235294118,585.0588235294117,55.16853569540558,208.46513547367243,240.19004153624408,family_restaurant,
ChIJge5XWKMZ6zkR9uAnHXSfc8I,Hukum Restro,"377 Devkota Sadak, Kathmandu 44600, Nepal",27.6915307,85.33594529999999,4.1,16.0,Baneshwor,24,14.702620040378614,4.179166666666666,309.0833333333333,127.44722456624493,345.6739725893308,97.76055478688276,restaurant,
ChIJgy0Xh5wZ6zkRisKM7LdnyNQ,Siddhartha Foodland,"P82R+XHP, Kathmandu 44600, Nepal",27.7008467,85.34238140000001,3.9,644.0,Baneshwor,20,127.16202518839523,4.14,531.45,634.9442463336904,73.46467588290449,191.65641882449265,fast_food_restaurant,PRICE_LEVEL_MODERATE
ChIJh5FX3a8Z6zkR-TMcfFAjh9Q,Chez Caroline,"Tanka Prasad Ghumti Sadak, काठमाडौँ 44600, Nepal",27.6944836,85.3226619,4.5,684.0,Baneshwor,1,23.075281787498955,4.2,381.0,149.38070252590353,199.33732415126312,302.6515356105363,restaurant,PRICE_LEVEL_VERY_EXPENSIVE
ChIJh73DwEMZ6zkROPTv2LhrgQw,Newa Ghasa - Basantapur,"Gangalal Marg, Kathmandu 44600, Nepal",27.7060268,85.3067538,4.1,216.0,New Road,10,110.73826394192947,4.11,336.1,737.922860315372,700.4160683996741,317.6921058561055,asian_restaurant,
ChIJhTS7PqIZ6zkRG5qgJP465Mk,Tahina Terrace,"Manakamana Marg, Kathmandu 44600, Nepal",27.7126824,85.3244698,4.6,46.0,New Road,0,667.5969504194012,0.0,0.0,110.69079611985354,414.8621224182869,252.3096166488021,restaurant,
ChIJhVJq6-IY6zkRAcY456Xoiso,Kathmandu Grill Restaurant & Wine Bar,"Chaksibari Marg, Kathmandu 44600, Nepal",27.7162317,85.3098124,4.7,2456.0,New Road,20,51.17548208165071,4.595000000000001,1089.25,306.24353573601275,186.25890978748487,16.221069883209314,bar_and_grill,PRICE_LEVEL_MODERATE
ChIJhwhFcQAZ6zkRasNn5xv0bSg,Maak Ara,"Kathmandu 44600, Nepal",27.688539,85.333185,4.4,776.0,Baneshwor,16,64.19948722846766,4.2125,295.25,150.83881090949896,184.3283370335037,59.25652636174095,restaurant,
ChIJi5aM4-gZ6zkRMfiabJrRtc0,Korean Kini,"Ombahal, काठमाडौँ 44600, Nepal",27.7015526,85.30774249999999,4.1,126.0,New Road,14,83.36770493838674,4.164285714285714,249.78571428571428,579.3472504971571,201.88509795393827,220.3917223918319,korean_restaurant,
ChIJiwBJWG4Z6zkRxWAyrzZaK4U,Thakkhola Thakali Cuisine New Baneshwor,"Madan Bhandari Path, Kathmandu 44617, Nepal",27.6881305,85.3340005,3.9,969.0,Baneshwor,15,25.22943634275988,4.2,303.1333333333333,86.58564287117211,100.65803718524973,23.705215650577703,restaurant,
ChIJjZmBR-wZ6zkR5in4VQZnD3E,Hard Rock Cafe Kathmandu,"Hard Rock Cafe, Sherpa Mall, Durbar Marg, Kathmandu 44600, Nepal",27.710545,85.31786389999999,4.5,1293.0,New Road,7,66.39368558821471,4.357142857142857,423.4285714285714,286.78586043461195,318.32713962729173,77.5103294251679,american_restaurant,
ChIJlV3RUAAZ6zkRFuKoyeroIPY,Dalle Momo - Newroad,"P835+WPW, Kathmandu 44600, Nepal",27.7048423,85.3092341,3.8,122.0,New Road,18,120.18740619278556,4.222222222222222,241.8333333333333,495.6710921647864,475.7600220077032,121.36825534812702,family_restaurant,
ChIJp-0DYQAZ6zkR_KIxJe3tVlg,House of Thakali,"Kathmandu 44600, Nepal",27.7037368,85.3409416,4.3,566.0,Baneshwor,7,39.14191209076432,4.1,835.7142857142857,511.6393438323447,72.98218210166118,141.93135079932523,restaurant,
ChIJp-pKxdsZ6zkR-2FrrJZPwUc,Vertigo BBQ,"M8PP+R5, Kathmandu 44600, Nepal",27.68712,85.33547639999999,4.4,485.0,Baneshwor,14,87.64145244584866,4.2,355.7857142857143,122.89184652884244,98.74640075690868,191.06511628555444,barbecue_restaurant,
ChIJpbjxKXQZ6zkRqPp_7lstj6g,Western Restro,"Kaldhara, काठमाडौँ 44600, Nepal",27.7153682,85.3073663,5.0,245.0,New Road,14,183.36350568540928,4.535714285714286,1337.071428571429,350.675004839794,133.63438219024707,264.1806779627547,restaurant,
ChIJqZEtpcUZ6zkRmS5Wlt1PmdM,Hunger Hub Restaurant and Bar,"Bus Lane, Kathmandu 44600, Nepal",27.6886901,85.3325567,4.3,147.0,Baneshwor,16,64.19948722846766,4.2375,359.625,213.03290418537887,127.84336060850832,64.74844311412997,restaurant,PRICE_LEVEL_MODERATE
ChIJs2JFIqEZ6zkRglJGdkpIc2Q,Yala Cafe & Coffee Shop,"Kwabahal, Thamel Marg, Kathmandu 44600, Nepal",27.7123197,85.31144479999999,4.8,1763.0,New Road,21,17.061717994685804,4.552380952380952,946.5714285714286,553.7678744911715,357.7408725359165,242.74211026267625,restaurant,
ChIJs2dzPQAZ6zkRtYFVAPNv7vU,At soul by Soul Cafe,"Balbhadra Marga, Kathmandu 44600, Nepal",27.6942191,85.337886,4.2,49.0,Baneshwor,17,91.2843618365212,4.070588235294117,207.35294117647047,471.75415664812624,171.45506506568503,54.24356150322298,restaurant,
ChIJsZ5mY70Z6zkRRBczgL9a8ms,JAR - Just Another Restaurant,"Pipal Bot Marg, Kathmandu 56900, Nepal",27.6995461,85.3376871,4.3,436.0,Baneshwor,14,38.30203049972324,4.142857142857143,564.7142857142857,425.78465191921214,71.3537383444581,209.66636738945408,restaurant,PRICE_LEVEL_MODERATE
ChIJt-ltUJYZ6zkR25oZG_nSjuo,The LOFT lounge,"H03, Kathmandu 44600, Nepal",27.6907115,85.3363248,3.9,340.0,Baneshwor,25,98.19465183094452,4.16,294.84,62.89932144081692,193.3183936051615,9.542085735149222,lounge_bar,
ChIJu0wlHp8Z6zkRKqlmfrTXgEE,MANTRA Baneshwor,"Kathmandu 44600, Nepal",27.6929055,85.3334247,4.2,111.0,Baneshwor,21,128.5936149170447,4.195238095238095,298.3809523809524,324.4468564180644,360.0794438710392,370.36951517967947,restaurant,
ChIJublesZoZ6zkRgJ2tzCUmJwU,"Nepal Cloud Kitchen, New Road","P836+CJH, नयाँ सडक, Kathmandu 44600, Nepal",27.7035677,85.3115954,4.5,2.0,New Road,16,39.18159608969089,4.175,260.5,223.3015508925526,519.5357090240778,76.04771235829571,restaurant,
ChIJvxWzjM0Z6zkR0su5N5haRos,Smoking Yak Kathmandu,"JP Road, Chaksibari, Kathmandu 44600, Nepal",27.7138971,85.3103778,4.3,403.0,New Road,25,55.8602480669604,4.6160000000000005,1067.56,501.4659463612995,162.4393594108296,219.7806467311792,restaurant,
ChIJwZpBw_0Z6zkRoE3-He5PRaw,Roadhouse Cafe- Battisputali,"P84V+J36, Battisputali Rd, Kathmandu 44600, Nepal",27.7032714,85.34098089999999,4.4,239.0,Baneshwor,10,51.7186123987683,4.11,691.4,511.1259629064396,84.55080131069163,90.86092866152764,restaurant,
ChIJwfouYIwZ6zkRrLYofEV6ROc,Carnival Restro & Meetings,"Kathmandu 44600, Nepal",27.691971,85.3296442,4.0,451.0,Baneshwor,6,43.545071742873866,4.233333333333333,130.33333333333334,63.31394474702204,101.66954916456064,118.26537453128486,restaurant,PRICE_LEVEL_MODERATE
ChIJx2TR5gEZ6zkR6PMl8bFW0DU,YABA YANG,"Alok Tara Marg, Kathmandu 44600, Nepal",27.6862336,85.3416027,4.7,19.0,Baneshwor,4,72.6266757641551,4.175,1004.25,304.07495460842875,429.678147055854,151.85495947012075,restaurant,
ChIJxWRuIwAZ6zkR2HxAVMxW6QE,Thirsty Newari Restaurant,"P876+FX7, Amrit Marg, Kathmandu 44600, Nepal",27.7136586,85.3124141,4.9,107.0,New Road,23,17.11514071552197,4.578260869565217,1143.7826086956522,465.93869483098393,355.58804701594346,76.77994917578324,restaurant,
ChIJy6dnEbcZ6zkRZ2OJPNXOj0o,Sky Ship,"P836+8G2 Sasa Complex, Khechapukhu Sadak, Kathmandu 44600, Nepal",27.7032719,85.3112524,3.7,159.0,New Road,16,47.10555611291657,4.225,250.6875,239.13864772856687,564.4865965497744,49.918104751417495,fast_food_restaurant,
ChIJyYqwRgAZ6zkRvh5xurwtNcQ,Newa Lahana Newroad,"Kathmandu 44600, Nepal",27.7065307,85.3077234,4.4,89.0,New Road,9,110.73826394192947,4.055555555555555,369.0,647.8003037014824,637.4633664789764,341.07623653281166,restaurant,
ChIJz1cN6fUZ6zkRnKbHIihOgYE,Green Villy Restaurant - Thamel Kathmandu,"P885+HFX, 16 Paknajol Marg, Kathmandu 44600, Nepal",27.7165105,85.3087501,4.8,2114.0,New Road,15,42.37467341873006,4.62,1131.2,253.13656542943207,182.5055340266885,103.94485236294516,restaurant,PRICE_LEVEL_INEXPENSIVE
ChIJzQcBWRIZ6zkRXCqkr_iYUJY,"The Wings Factory, Mid-Baneshowr","Devkota Sadak, Kathmandu 44600, Nepal",27.6996574,85.33844979999999,4.3,614.0,Baneshwor,16,28.15971520278538,4.1375,529.75,453.36950654011486,53.423256340882105,228.87960040874484,restaurant,PRICE_LEVEL_MODERATE
ChIJzztEXQAZ6zkR4aONpHdqnQs,MagicBell Restro -New Baneshwor,"Devkota Sadak, Kathmandu 44600, Nepal",27.6915804,85.3360835,4.8,501.0,Baneshwor,24,14.702620040378614,4.15,288.875,135.0632661740304,333.54942232114666,100.16052841473818,restaurant,
ChIJg_uEol8Z6zkRXRV9mMSrqZA,Kabbu's cafe,"Dipnagar Marg, Kathmandu 44600, Nepal",27.6752738,85.3450522,5.0,21.0,Koteshwor,13,4.956144333602205,4.333333333333333,69.25,293.76083136750515,48.04518270269712,469.3728162721643,restaurant,
ChIJORuRNwAZ6zkRMs9UcoXNbkg,Zafar Ka Safar,"M8CV+QX7, Kathmandu 44600, Nepal",27.671911,85.3449156,5.0,29.0,Koteshwor,9,142.88206780533585,4.3875,72.5,322.8611075827185,187.27276187797204,236.10688297608777,north_indian_restaurant,
ChIJVT3dCNkZ6zkRWGctesxHmn8,Kimbu Restro,"Subidha Marg, Kathmandu 44703, Nepal",27.6832612,85.3456532,4.3,63.0,Koteshwor,16,21.11452898360255,4.26875,179.125,327.07443387317795,173.65113536921186,140.9596441072023,restaurant,
ChIJwezeweAZ6zkRBIQbIF_0rQE,Shrey Courtyard,"20 Binayak Utsav Marg, Kathmandu 44600, Nepal",27.6825326,85.3412429,4.4,769.0,Koteshwor,14,88.53618455519288,4.3,101.78571428571429,593.7785678967475,239.41275826120668,505.3823679744577,restaurant,
ChIJEQ_yUEsZ6zkRhwzeo6Lzq9A,Koila Multi Cuisine Restaurant- Dovan Pool,"Sankhamul, काठमाडौँ 44600, Nepal",27.6789009,85.33531520000001,3.7,341.0,Koteshwor,3,47.365170427315824,4.5,50.0,21.10811107723487,284.82649404152227,342.30256740052647,restaurant,
ChIJZ61001MZ6zkRWgRozGP-P1U,Offline Cafe,"Koteshwor Mahadevasthan, Temple, Mahadevsthan Marg, काठमाडौँ 44600, Nepal",27.6810841,85.3415199,4.8,39.0,Koteshwor,12,49.759441637399775,4.191666666666666,169.75,637.154282706445,84.55582534028582,586.1835009195675,cafeteria,
ChIJBVqRgZsZ6zkRo1kXtqBmlLo,Nepali thali,"Dovaan pool, Kathmandu 44600, Nepal",27.6790162,85.3362566,4.5,36.0,Koteshwor,5,93.74562549481223,4.0200000000000005,171.8,74.08221899203902,411.62768359081093,301.28868276946594,restaurant,
ChIJIbw2Ms0Z6zkRDvQO6pH6OdA,"The Burger House And Melung Thakali - Subidhanagar,Tinkune","Subidhanagar Tinkune kathmandu Simrik airlines office side, काठमाडौँ 44600, Nepal",27.6818968,85.34178639999999,3.8,101.0,Koteshwor,14,58.51342753273436,4.3428571428571425,149.5,612.9650057229208,178.21463664479052,510.9545737037343,restaurant,
ChIJp4EoOsIZ6zkREO1iuEUi0i8,Hotel A One Cafe and Venue,"M8GW+CQ2, Kathmandu 44600, Nepal",27.6790989,85.3483548,4.1,235.0,Koteshwor,7,126.65326546008204,4.2,70.42857142857143,112.94453498218034,362.60847349609315,429.4721179640513,banquet_hall,
ChIJQV-yBJEZ6zkRkRZtvnkp9no,Black & Yellow Cafe,"Kotdevi Marga, Kathmandu 44600, Nepal",27.6730343,85.351352,4.5,13.0,Koteshwor,4,364.7921872936725,4.6000000000000005,80.5,287.1558229806509,257.64419686910935,57.03670691579297,cafe,
ChIJVZtzQpQZ6zkRLqFxTZjMAVY,Pahichan Tha Identity Cafe and Restro,"M992+HHW, Kathmandu 44600, Nepal",27.6695864,85.35208879999999,4.0,21.0,Koteshwor,3,11.7539948342772,4.733333333333333,16.666666666666668,273.2897127193305,236.99215481154022,284.1176988295806,family_restaurant,
ChIJJw6b68wZ6zkRTtLXkopoYc0,PAT'S STATION RESTAURANT AND BAR,"Bhatbhatini, Kathmandu 44600, Nepal",27.675339,85.3446383,4.3,25.0,Koteshwor,12,21.68372445243752,4.3909090909090915,74.18181818181819,264.1475533904929,88.26699176125543,455.5433242203502,restaurant,
ChIJo4LUaAAZ6zkRit7vp0HtHAI,Yatra cafe and restaurant,"M8JR+M6J, Mahadevsthan Marg, Kathmandu 44600, Nepal",27.6817097,85.34051559999999,4.7,16.0,Koteshwor,10,83.26307951810162,4.2,152.9,579.0217544794534,163.31451219424923,544.5426340142207,restaurant,
ChIJI6EgFoMZ6zkRGfr0YVGOA80,Portobello guest house,"44600, काठमाडौँ 44600, Nepal",27.6771616,85.34631979999999,4.5,24.0,Koteshwor,12,138.758617137998,4.218181818181818,70.18181818181819,280.46522963414554,247.05887401550504,696.4018053677207,restaurant,
ChIJ3Ru72S8Z6zkR6JYG3tsYlGk,Munch N More Restaurant and Bar,"Janata Sadak, Kathmandu 44600, Nepal",27.681549,85.3413401,4.7,41.0,Koteshwor,12,5.2180813903292576,4.199999999999999,169.58333333333334,641.7467695777509,131.01473205387182,569.0538125312632,restaurant,
ChIJQZodC5wZ6zkR8WPXAiGkcfU,Mr Tea & Grill,"Prabhu Complex, Madan Bhandari Road, Kathmandu 44600, Nepal",27.6851168,85.3464089,4.6,27.0,Koteshwor,10,107.19440080003169,4.35,186.6,141.48950653557023,204.82855772637046,78.14718365752732,barbecue_restaurant,
ChIJv0Jc44wZ6zkR8cU3vFaWt0Y,Siddhartha Cottage,"M8MX+X34, Kathmandu 44600, Nepal",27.685042,85.3474923,3.8,895.0,Koteshwor,7,107.19440080003169,4.257142857142857,124.28571428571429,221.45362560541966,306.85556126053154,146.35927379277723,hotel,PRICE_LEVEL_MODERATE
ChIJ84SUdg8Z6zkRYFStUH6_n3w,Resunga Family Bhojanalaya,"सुकुमार मार्ग, Kathmandu 44600, Nepal",27.6834299,85.34575269999999,4.1,468.0,Koteshwor,16,21.11452898360255,4.293749999999999,150.875,308.47473686804295,187.4270619757533,120.24448787970927,restaurant,PRICE_LEVEL_MODERATE
ChIJmwa2l1YZ6zkR2jXrgdIvl80,Sasha Restaurant and Bar,"Kathmandu 44605, Nepal",27.6815145,85.34137609999999,4.0,16.0,Koteshwor,12,5.2180813903292576,4.258333333333333,171.66666666666666,643.2593709137843,127.61446375658377,568.3372710883698,restaurant,
ChIJVy5sBBYZ6zkRoY4ntlqrzVo,Byanjan House (Daura Chulo),"M8QX+34F Tinkune, 44621 Raja Janak Marg, Kathmandu 44600, Nepal",27.6875751,85.3472501,4.1,145.0,Koteshwor,5,281.7189184703045,4.3,280.4,216.79232604074213,480.7514022603761,202.7134317511244,fast_food_restaurant,
ChIJY1937PEZ6zkRce0SJNMpVuA,Cafe De Taj Restro,"M8GW+C82, Kathmandu 44600, Nepal",27.676008,85.34577279999999,3.6,105.0,Koteshwor,14,105.4995609743476,4.423076923076923,75.53846153846153,393.8282499931296,108.80031002671961,576.2786026240808,asian_fusion_restaurant,PRICE_LEVEL_MODERATE
ChIJYeXYHgAb6zkRmOqE87HHFBo,Baithak restro and bar,"Madhyapur Thimi 44600, Nepal",27.6763204,85.3658003,5.0,10.0,Koteshwor,0,1201.210374831508,0.0,0.0,262.9587518748696,139.10209114259428,246.51728620986242,restaurant,
ChIJm9WHKhoZ6zkRVi72DV2Ly7k,BAITHAK SEKUWA,"Kathmandu 44600, Nepal",27.7007098,85.3415029,4.4,20.0,Koteshwor,5,172.63848745973183,4.24,1132.2,616.6593692123774,104.56860469651149,353.72520561979144,restaurant,
ChIJgQ8Nc-Yb6zkRw-_xw-11-9Q,Daura Thakali Pepsicola,"M9P7+V95, Kathmandu 44600, Nepal",27.6869352,85.363332,4.6,2618.0,Koteshwor,0,1120.925901040418,0.0,0.0,327.7968395258303,338.503942885745,105.53815019826612,restaurant,
ChIJm_s94k0Z6zkRyQ9k5kIfyS0,Chicken Station Koteshwor,"M8HW+JRG, Seti Op Marg, Kathmandu 44600, Nepal",27.6790689,85.34707139999999,3.9,192.0,Koteshwor,13,31.129398131255638,4.3,64.0,204.8958857457339,354.6304566166709,417.8182962248414,fast_food_restaurant,
ChIJSUMQlYAZ6zkR_2DoxDuu9KY,Mr. Bhakka,"Ganesh Marg, Kathmandu 44600, Nepal",27.6835879,85.3446293,4.3,37.0,Koteshwor,16,107.29759700113475,4.3875,169.5,308.5465721701972,97.18634145504184,173.66720394456522,restaurant,
ChIJxQL4oRQZ6zkRKeOOmq58xjI,Magar Dai Ko Cafe,"M8MW+6RF, Subidha Marg, Kathmandu 44600, Nepal",27.6830638,85.3470411,4.4,128.0,Koteshwor,10,133.41579245004618,4.17,195.2,374.13633076802455,147.0587018708211,182.84647389663021,cafe,
ChIJ1bmrNwAZ6zkRCktLjBG2lPU,Sheel Sekuwa and kitchen (cuisine),"Sayiginagar, Samparka Marg, Kathmandu 44600, Nepal",27.6822259,85.3392334,3.4,27.0,Koteshwor,10,89.09083409910643,4.35,151.7,513.8578956925384,283.29356689563184,426.9991689635969,restaurant,
ChIJrZ6FHK8Z6zkRDY4OuPzeATs,Momo's Villa & Cafe,"Kathmandu 44600, Nepal",27.6698047,85.3520681,4.8,23.0,Koteshwor,3,24.276782453354933,4.466666666666667,16.0,296.38192327933575,247.6427087458618,268.0653907765511,cat_cafe,
ChIJ8z-4UAAZ6zkRpSrzMdy0HBg,KFC - Koteshwor,"M8FV+XV4, कोटेश्वर मार्ग, Kathmandu 44600, Nepal",27.6748861,85.3447024,4.1,27.0,Koteshwor,10,49.27636283679188,4.5,67.33333333333333,242.60795807766536,78.88713631380513,414.71232285104486,fast_food_restaurant,
ChIJBwSaAu0Z6zkRGTADV3PwgiU,The One Cafe,"M8JR+5RG, Kathmandu 44600, Nepal",27.6804317,85.3420876,4.1,19.0,Koteshwor,13,91.44956645904503,4.238461538461538,159.46153846153845,668.7060222067926,86.71738322549254,596.5856529570256,restaurant,
ChIJKfFabH8Z6zkR5HVCpCZe7fA,Mid Point Restaurant.,"Narefath, काठमाडौँ 32, Nepal",27.6695553,85.3519749,4.9,14.0,Koteshwor,3,11.7539948342772,4.433333333333334,19.0,274.8720506187651,225.47309510931166,294.25182856168334,asian_restaurant,
ChIJs1-nZLYZ6zkRf0X_DKjNCqc,Antea Restro,"Bagmati Corridor, Kathmandu 44600, Nepal",27.6814646,85.33719510000002,4.5,103.0,Koteshwor,13,216.39629108627497,4.184615384615385,180.92307692307693,321.1991136141452,414.25700002743116,290.4775927160069,restaurant,
ChIJsdKyFQAZ6zkR11s9QvxsRxs,Crossroad Restro & Lounge Bar,"44600 Ring Rd, Kathmandu 44600, Nepal",27.6779811,85.34886449999999,4.4,11.0,Koteshwor,10,133.68514136700267,4.2333333333333325,81.44444444444444,25.413270536629202,465.0816027205256,442.97854523232223,restaurant,
ChIJMXLlBqMZ6zkRZOX0Vfs7jqQ,Barbeque Chulo,"Koteshwor-32, Himali Marga, Beside Himalaya College, काठमाडौँ 44600, Nepal",27.679317,85.3469234,4.1,16.0,Koteshwor,15,31.129398131255638,4.257142857142857,102.21428571428571,231.2929085778625,334.5993943463636,391.1133792909776,barbecue_restaurant,
ChIJxStb3_EZ6zkR1sd-wrWLy9Y,Bawarchi Food Cafe (BFC),"44600, काठमाडौँ 44600, Nepal",27.6752074,85.3450477,3.4,118.0,Koteshwor,13,7.371445774711872,4.466666666666667,61.166666666666664,289.602194608829,45.32853260563895,462.9060024855437,restaurant,
ChIJSxoHaSAZ6zkRAMoZ4JL4gbM,Spice -6 Tandoori and Family Restaurant,"Unnamed Road, M8HP+C55, काठमाडौँ 44600, Nepal",27.6785015,85.33548619999999,4.5,11.0,Koteshwor,3,47.365170427315824,4.233333333333333,160.0,53.77078852782987,327.4918106634873,376.5993697853898,restaurant,
ChIJmRnjEkgZ6zkRk636_R7Ifko,KaidaKo Coffee House,"Nawa Prabhat Marga, Kathmandu 44600, Nepal",27.672013,85.34671159999999,4.7,264.0,Koteshwor,10,35.07930187812105,4.433333333333334,39.77777777777778,463.4722156675782,240.02083530914067,360.4619364274527,coffee_shop,
ChIJe_lzGQAZ6zkRBGnMjmUidOM,Aaila chhen,"32 Nawa Prabhat Marga, Kathmandu 44600, Nepal",27.6720363,85.346357,5.0,15.0,Koteshwor,9,35.07930187812105,4.387499999999999,74.25,431.2553569660776,275.0932303900293,378.9826008232669,family_restaurant,
ChIJA8mrz0gZ6zkRfyFBeHDkhbI,Ogaret Family Restaurant,"Kathmandu 42600, Nepal",27.6838938,85.3486741,4.0,2.0,Koteshwor,8,172.56992179794116,4.262499999999999,222.5,392.02336254314,172.4879559414707,26.607518494653917,restaurant,
ChIJmYNmwvsZ6zkRwiZDZU86Y4o,Sunrise Food Hub,"Unnamed Road, Kathmandu 44600, काठमाडौँ 44600, Nepal",27.6753273,85.34485769999999,5.0,5.0,Koteshwor,13,20.083410750414412,4.333333333333333,70.58333333333333,280.89910212216483,67.81539196497957,464.66531813653046,restaurant,
ChIJEafrAgAZ6zkRihhNtq0fz-8,Indo-Bhutan Cafe ktm,"Kathmandu 44600, Nepal",27.6918694,85.3325917,4.7,156.0,Koteshwor,2,352.32937540153563,4.35,467.0,235.55596159512,220.2325303467502,292.95944715821713,restaurant,
ChIJl-nbFPYZ6zkRMMWycwMJgdI,Wok N Bowl Cafe,"Backside of bhatbhateni, काठमाडौँ 44600, Nepal",27.6752667,85.3451018,,,Koteshwor,13,4.956144333602205,4.384615384615385,65.53846153846153,297.5402147850671,43.42408347532942,471.3144297929939,chinese_restaurant,
ChIJixQtaUwZ6zkR-BqhRxf1xFM,Dharahara Welcome Tapari Momo & Fast Food Restaurant,"Madan Bhandari Road, Kathmandu 44600, Nepal",27.6869306,85.3424996,5.0,10.0,Koteshwor,7,64.47359347639728,4.342857142857143,556.1428571428571,322.9809266163682,143.83931639080973,247.50452825535598,restaurant,
ChIJpVlfO9QZ6zkR-ujTGqMmMFg,Black Burger,"M8JX+4F5, Mahadevsthan Marg, Kathmandu 44600, Nepal",27.6802526,85.348734,4.5,17.0,Koteshwor,9,133.20704445999863,4.199999999999999,126.55555555555556,227.33744073985392,238.3923144263721,323.62413500037604,hamburger_restaurant,
ChIJ65RezaEb6zkR5LOAFWAU2Yc,Daily Grind Coffee,"Bhaktapur Durbar Square, Bhaktapur 44800, Nepal",27.6721663,85.429265,3.8,25.0,Bhaktapur Durbar Square,34,32.185320732973544,4.272727272727272,843.6060606060606,479.4366737536411,148.34157809139253,321.70518380226525,restaurant,
ChIJXY_iq68a6zkRCbRb4lbA3XQ,Namaste Restaurant,"5 Taumadhi, Bhaktapur 44800, Nepal",27.6713046,85.42948779999999,4.3,404.0,Bhaktapur Durbar Square,34,22.448853069634904,4.257575757575757,832.1212121212121,554.6878336529782,245.75477015889177,228.05105889272724,family_restaurant,
ChIJq6p6na0a6zkR5x4LC5nQ0Bs,Mayur Restaurant,"Dattatraya Square, Tachupal Tole, Bhaktapur 44800, Nepal",27.6733621,85.434938,4.3,324.0,Bhaktapur Durbar Square,12,13.879342434476039,4.463636363636364,117.36363636363636,333.4296984958862,417.2225540442973,85.29304943068206,restaurant,PRICE_LEVEL_MODERATE
ChIJA4q_iKob6zkRvMDhbkR3_oo,New Watshala Garden Restaurant,"5 Durbar Square, Bhaktapur 44800, Nepal",27.6718001,85.4285972,4.4,16.0,Bhaktapur Durbar Square,34,1.3165658556044786,4.251515151515151,874.5757575757576,535.1169764570408,162.55534801967647,287.0207369188837,restaurant,
ChIJXS_u6e8b6zkRXuKM9ZM8qM0,Shiva Guest House,"Durbar square, Bhaktapur 46800, Nepal",27.6718108,85.428603,4.2,26.0,Bhaktapur Durbar Square,34,1.3165658556044786,4.257575757575757,874.2727272727273,535.6409565549387,162.2542410947406,288.0665914209261,guest_house,
ChIJAAAAAAAAAAARCwN5WdzZTyc,Vajra Boutique Hotel,"10 Nagarkot Rd, Bhaktapur 44800, Nepal",27.6726197,85.4295217,4.1,214.0,Bhaktapur Durbar Square,34,18.955590850571532,4.263636363636364,837.8787878787879,423.30657025525664,104.75224692016585,272.53218367970015,restaurant,
ChIJ-1gXvewb6zkRQSeG9pq3fK8,The Golden Eyes Restaurant & Cafe,"Nyatapola Temple, Bhaktapur 44800, Nepal",27.6715495,85.429344,3.6,96.0,Bhaktapur Durbar Square,34,13.21083291451436,4.278787878787878,841.4545454545455,535.9885351544331,217.11802887887657,253.73177808513404,restaurant,
ChIJK79mq68a6zkRq8LN6WM56Bk,Bhaktapur Kitchen,"Kwachhen, Taumadhi Square, Bhaktapur 44800, Nepal",27.6713461,85.429779,4.0,19.0,Bhaktapur Durbar Square,34,18.486055681846405,4.266666666666666,843.7878787878788,539.5706176978725,246.9962990045649,237.97491471081693,chinese_restaurant,
ChIJQfID2GEb6zkR84BOg7l8t9o,Balakhu Food Point,"Bhaktapur 44800, Nepal",27.6728194,85.4293616,4.8,315.0,Bhaktapur Durbar Square,34,27.188283832861018,4.242424242424241,834.8181818181819,413.21467798060445,78.66709367860209,247.71450540924994,restaurant,
ChIJfx2Tma8a6zkRmZyoA545Dz0,Aalucha,"Durbar Square, Bhaktapur 44800, Nepal",27.6715487,85.42835649999999,3.9,593.0,Bhaktapur Durbar Square,35,36.60641689420979,4.261764705882352,833.9411764705883,513.353634937941,165.85394280317269,266.14223561111703,fast_food_restaurant,
ChIJU6ldS3Qb6zkRqN1vkzvM_R8,De Temple Cafe,"North side of Dattatraya Square, Bhaktapur 44800, Nepal",27.6735231,85.4349476,4.3,217.0,Bhaktapur Durbar Square,12,17.866208215785736,4.463636363636364,127.0909090909091,317.4577757284101,399.8053509464172,90.48848038402286,cafe,
ChIJ__8_CK8a6zkRYpBaL7b1-_g,The Garuda Bar,"Rooftop Of Hotel Garuda, Taumadhi Square, भक्तपुर 44800, Nepal",27.670796300000003,85.42885179999999,4.1,110.0,Bhaktapur Durbar Square,34,26.04267524000397,4.260606060606061,871.7272727272727,575.4518778732705,261.9482981316805,173.01369649150917,restaurant,
ChIJ_VReHQAb6zkR08hYWq2G4GM,Durbar Restaurant,"Bhaktapur 44800, Nepal",27.6724663,85.427415,4.0,20.0,Bhaktapur Durbar Square,35,38.74421900038426,4.258823529411764,850.7941176470588,421.2048821960427,30.39857381250584,161.53988996584218,restaurant,
ChIJMd8y7K8a6zkR_ZuvMec5o90,Bhaktapur Durbar Square,"Durbar square, Bhaktapur 44800, Nepal",27.67207,85.4282951,4.6,23820.0,Bhaktapur Durbar Square,35,41.8062838298107,4.241176470588235,150.7941176470588,504.9126139496053,120.63244467494218,231.98559572367822,plaza,
ChIJ7xsfN3Ab6zkREWVyvuxphQI,De Arena Restaurant Paryatak Pasal,"Bhaktapur 44800, Nepal",27.6735504,85.4346362,4.5,38.0,Bhaktapur Durbar Square,13,30.870290660807516,4.466666666666667,135.0,303.24170175998466,392.557270372437,63.85462986620305,restaurant,
ChIJk73od60a6zkRwmlB5OFE-lA,Peaceful Korean Restaurant,"Dattatraya Square - 09, Bhaktapur 44800, Nepal",27.6733352,85.4350754,4.3,165.0,Bhaktapur Durbar Square,12,13.879342434476039,4.463636363636364,131.8181818181818,324.32729495487564,422.60887069152983,98.40592887990553,korean_restaurant,PRICE_LEVEL_MODERATE
ChIJUz_WRxkb6zkRK6UCoKnN6ac,CULTURE CAFE & BAR,"Pottery Square, Bhaktapur 44800, Nepal",27.6699487,85.42776909999999,4.6,53.0,Bhaktapur Durbar Square,36,27.024785112855852,4.262857142857142,825.6857142857143,506.80070924935507,295.4125864602305,159.24629034039063,restaurant,
ChIJx9KIxvob6zkRWMruWmNw704,Mi:loco Cafe' n Restaurant,"Bhaktapur Multiple Campus Road, Dudhpati-1, भक्तपुर 44800, Nepal",27.6711367,85.4216744,4.0,89.0,Bhaktapur Durbar Square,6,42.75737088685947,4.333333333333333,367.1666666666667,92.75606129244028,234.96965558362157,256.8393326187275,restaurant,
ChIJR0PGsa8a6zkRx5LjjNtmYf0,Aamako Bara Pasal,"12 Rammandir Rd, Bhaktapur 44800, Nepal",27.6718757,85.4294317,4.1,196.0,Bhaktapur Durbar Square,34,4.0389021134381045,4.263636363636364,838.4242424242424,499.7792230778718,182.35709458452453,290.4086995845378,restaurant,PRICE_LEVEL_INEXPENSIVE
ChIJ0e5hZq8a6zkRZ-t8zDwfJS4,The Pottery Cafe and bar,"Bhaktapur 44800, Nepal",27.669714400000004,85.4276931,4.5,279.0,Bhaktapur Durbar Square,36,27.024785112855852,4.265714285714285,819.2285714285714,502.0783347110377,298.8774266443793,155.7222425746086,restaurant,PRICE_LEVEL_INEXPENSIVE
ChIJt0n3TAAb6zkRL9TcKn5O7ns,Lotus Restaurant & Bar,"Taumadhi Square, Bhaktapur 44800, Nepal",27.671323,85.4292612,4.2,22.0,Bhaktapur Durbar Square,34,22.448853069634904,4.260606060606061,843.6969696969697,562.137569035956,241.555046370251,228.27998609579942,restaurant,
ChIJkTceiq8a6zkRSq1ETM8us2Y,khwapa chhen Guest House and Restaurant,"3, Bhaktapur 44800, Nepal",27.6721267,85.4273216,3.9,85.0,Bhaktapur Durbar Square,35,38.74421900038426,4.261764705882352,848.8823529411765,409.05032466785434,66.56617187115945,249.5798009177174,hotel,
ChIJLZDyCwAb6zkRpLvmbA5i6Sw,Cin Cin Garden,"Bhaktapur 44800, Nepal",27.6706505,85.4218284,4.6,611.0,Bhaktapur Durbar Square,6,55.9791460657307,4.233333333333333,280.1666666666667,72.39661842614645,213.8964191143395,301.81607452039685,restaurant,
ChIJ0wb9LOsb6zkRW1dOYcQ_C5s,Jhegu newa kitchen restro,"Chariot track, Bhaktapur 44800, Nepal",27.6698837,85.4293982,4.4,17.0,Bhaktapur Durbar Square,34,102.67398227939134,4.266666666666666,839.4545454545455,553.4964458960419,329.79867072662626,71.72894148874788,family_restaurant,
ChIJR3DduygF6zkRN0DrSFfcnkY,Time's Cafe And Restro,"Bhaktapur 44800, Nepal",27.6774529,85.43803620000001,4.0,189.0,Bhaktapur Durbar Square,5,105.37248494366213,4.4799999999999995,100.8,145.13552315244965,169.62155044391545,274.3438520922561,restaurant,PRICE_LEVEL_MODERATE
ChIJ6QXUKKgb6zkR3hmlc1AnGb8,North Rooftop Restaurant,"Ittachhen - 1, Bhaktapur 44800, Nepal",27.6721412,85.423476,4.1,70.0,Bhaktapur Durbar Square,13,68.1453810361612,4.307692307692308,2084.4615384615386,33.31325684316888,201.7936558212054,142.13088806290506,family_restaurant,
ChIJYW1_5lcb6zkReAo2PqzJjxY,Timmure kamalbinayak,"Jagati-KamalBinayak Rd, Bhaktapur 44600, Nepal",27.6768151,85.4368339,4.4,244.0,Bhaktapur Durbar Square,10,37.02967017838468,4.4,134.3,54.342661335898974,257.92383229350844,410.9813280521999,barbecue_restaurant,
ChIJEzE6_cAb6zkR1eFJ1T6DCU0,Hotel Empire & Rooftop Restaurant,"Taumadhi Square, Nyatapola 44800, Nepal",27.6716687,85.4293462,4.0,122.0,Bhaktapur Durbar Square,34,13.21083291451436,4.266666666666666,840.6666666666666,524.0561340848888,203.99495005021367,266.93035354496317,hotel,
ChIJf6d74u4b6zkRDF_IhSrK-J0,KV Lounge & Jagati Chhoila Pasal,"Kamalbinayak, Bhaktapur 44800, Nepal",27.6765449,85.43771199999999,3.9,138.0,Bhaktapur Durbar Square,9,91.65659164739961,4.433333333333334,144.33333333333334,53.13247236373893,207.93855764281815,341.40147309333173,restaurant,
ChIJCbHdVwAb6zkR5FrBiRTCbUI,Restaurant Tusa,"Nagpokhari, Bhaktapur 44800, Nepal",27.6736992,85.4334327,4.6,150.0,Bhaktapur Durbar Square,25,119.87275941819317,4.241666666666666,139.54166666666666,270.47735639645276,382.37408429415814,80.99206048649306,restaurant,
ChIJxZP-06gb6zkRSOFcbLceNrk,Community at The Nanee,"Itachhen 2, भक्तपुर 44800, Nepal",27.6727094,85.42583789999999,4.7,78.0,Bhaktapur Durbar Square,36,12.947252886428924,4.208333333333332,822.1111111111111,273.95093739029153,146.28312955302084,90.82596885267219,restaurant,
ChIJ-0XTZKMa6zkR6NQX_8UNDD4,Tryst Fast Food Restaurant,"MCCC+JM3, Nagarkot Road, Bhaktapur 44800, Nepal",27.6715225,85.4216812,3.6,179.0,Bhaktapur Durbar Square,7,42.75737088685947,4.428571428571429,305.57142857142856,115.81354417189897,267.03603736804234,218.2814001746334,restaurant,PRICE_LEVEL_MODERATE
ChIJTxenZwAb6zkRQ4IdLOfpewU,Muglan Hotel & Thakali Restaurant,"MCFH+4HM Durbar Square, भक्तपुर 44800, Nepal",27.6730394,85.4289139,4.0,224.0,Bhaktapur Durbar Square,35,42.590184848206235,4.273529411764706,847.1470588235294,421.0873743414774,55.47715262748402,197.26474373416568,hotel,
ChIJuYI2P_cb6zkRVhcUl4zMQF0,Alphabet Pizzeria,"Bhaktapur 44800, Nepal",27.6723106,85.42414,4.5,1163.0,Bhaktapur Durbar Square,18,68.1453810361612,4.277777777777778,1466.8333333333333,100.96653534719269,176.64087143023363,100.79813908183196,restaurant,PRICE_LEVEL_MODERATE
ChIJSUsat04b6zkRu56a-RweF6c,Dugansali Newa Suli Pvt. Ltd,"Bhaktapur 44800, Nepal",27.6730235,85.4310544,4.8,152.0,Bhaktapur Durbar Square,36,88.53753832054066,4.234285714285714,807.8857142857142,325.09782919104276,196.63086564574942,208.55028274302066,restaurant,
ChIJa05kQAAb6zkRr-dGn28pHmA,Food Bowl Restro,"Garud Kundal Road, Bhaktapur 44800, Nepal",27.6771492,85.436841,4.6,83.0,Bhaktapur Durbar Square,9,17.92042681252018,4.355555555555556,150.44444444444446,45.6361838553344,257.143944937129,396.6745594303506,restaurant,
ChIJLUDTLNkb6zkRXbpPlp2hYUE,ChiyaBhatti Cafe,"Taumadhi (Ta:mari, MCCH+8MM, टौमदि सडक, भक्तपुर 44800, Nepal",27.6707752,85.4291147,3.8,128.0,Bhaktapur Durbar Square,33,26.04267524000397,4.262499999999999,862.0625,601.2364693655306,279.52245814828706,167.61927410682247,pub,
ChIJNWNJ7Joa6zkRSavBJME-tgk,Universal Tandoori Cafe,"Tinkune, Sallahghari, Araniko Highway, Bhaktapur 44800, Nepal",27.6713044,85.4082338,3.5,183.0,Bhaktapur Durbar Square,0,560.4904088524243,0.0,0.0,294.0207835908007,208.06267779268418,115.07023257891342,family_restaurant,
ChIJ4Rmjn8Eb6zkRB_ltBQDlPXU,Old Town Food: Best Late-Night Food in Bhaktapur,"2 Sallaghari- Duwakot Rd, Changunarayan 44800, Nepal",27.6776181,85.4075666,3.9,402.0,Bhaktapur Durbar Square,1,434.56872803483947,,,307.40131268674685,338.64275401185967,92.39103376430634,family_restaurant,
ChIJTbAmN3Qb6zkRkCRN2FsKFHI,The Nanee,"Itachhen 2, भक्तपुर 44800, Nepal",27.6727318,85.42570909999999,4.5,102.0,Bhaktapur Durbar Square,35,12.947252886428924,4.2142857142857135,843.0571428571428,262.5596118192495,158.9773403482452,77.88065310859048,hotel,
ChIJN964JQAb6zkRgK48TlD3NCs,Grill Durbar Bhaktapur,"MCGP+VRC, Bhaktapur 44800, Nepal",27.677231300000003,85.43699749999999,4.8,6.0,Bhaktapur Durbar Square,9,17.92042681252018,4.333333333333333,159.0,62.51878441098568,268.44118163442903,379.1184733519075,restaurant,
ChIJCWFzaAAb6zkRaFioexqEgz4,Newa Lahana Bhaktapur & Hotel,"Bhaktapur 44600, Nepal",27.6722545,85.4308109,4.2,65.0,Bhaktapur Durbar Square,37,88.53753832054066,4.2638888888888875,790.0277777777778,413.4731134737045,215.4060438500809,287.695157362906,restaurant,
ChIJG1BA6c8b6zkRO-chBuN3aU0,Sukul,"MCCJ+HHJ, Bhaktapur 44800, Nepal",27.6714524,85.431381,,,Bhaktapur Durbar Square,36,105.18498465443449,4.249999999999999,789.6666666666666,493.4947205321905,317.1779151649239,324.98047798370897,fast_food_restaurant,
ChIJFVpypuMF6zkRpfE_Fz6dLCk,Restaurant,"MFHC+9MH, Bhaktapur 44800, Nepal",27.6784335,85.47172599999999,,,Bhaktapur Durbar Square,0,3322.1180226833335,0.0,0.0,,169.44733885347378,,restaurant,
ChIJSdUdyfcb6zkRnUq5A9OdlXg,Cafe JAC Bhaktapur,"Suryabinayak 44800, Nepal",27.6652664,85.4226844,4.7,7.0,Bhaktapur Durbar Square,1,367.1430140477269,5.0,5.0,56.34189137391834,72.85132882659244,264.5125074077155,restaurant,
ChIJ0esZRwAb6zkRni1Yo77l-l4,Baiga Vutoo,"Bhaktapur 44800, Nepal",27.6724496,85.429542,4.7,80.0,Bhaktapur Durbar Square,34,18.955590850571532,4.245454545454545,841.939393939394,438.5859419261901,123.13597488439758,354.7311361166761,restaurant,
ChIJNQ9kcK8a6zkRi8S8TJgCK6c,Everest MoMo,"12 Rammandir Rd, Bhaktapur 44800, Nepal",27.671336,85.4300794,3.8,128.0,Bhaktapur Durbar Square,34,3.5712980039612527,4.272727272727272,840.4848484848485,530.787686125319,257.27401717879474,245.8662789088096,fast_food_restaurant,
ChIJhxneHQAb6zkR7jaXTfLJCq0,Bhaktapur Durbar Square,"MCG6+6GG, Nagarkot Road, Bhaktapur 44800, Nepal",27.6755551,85.4113128,,,Bhaktapur Durbar Square,1,434.56872803483947,3.9,402.0,630.8548609653283,225.5586076557367,33.25311331103084,indian_restaurant,
ChIJI8VtVK4a6zkRBhQQPXlNvIg,Coffee in Style,"kwachhe tole 5, Bhaktapur 44800, Nepal",27.6713463,85.4300451,4.4,107.0,Bhaktapur Durbar Square,34,3.5712980039612527,4.254545454545454,841.1212121212121,530.751521107084,254.998761876682,245.74791400334567,cafe,
ChIJxZrVYQAF6zkR_3jmiPCJmFU,Bhintuna food cafe,"Kamalpokhari Path, Bhaktapur 44800, Nepal",27.675825,85.4381791,4.7,33.0,Bhaktapur Durbar Square,9,92.12805227691435,4.344444444444444,156.0,112.8948170487596,209.25258485337747,275.83343338111024,restaurant,
ChIJlR1TcgAb6zkR8VM-WgzRnQg,Bhatbhateni Food Park (Bhaktapur),"Bhaktapur, Nepal",27.6750698,85.39726800000001,2.9,109.0,Bhaktapur Durbar Square,2,185.30552914885516,4.0,331.0,64.81468513434915,416.71810195839896,67.59217085146072,food_court,
ChIJxzlcHPsb6zkRTqKYow__ZCs,Matina Cafe,"Taumadhi Square, Bhaktapur 44800, Nepal",27.6715049,85.4298364,3.2,103.0,Bhaktapur Durbar Square,34,18.486055681846405,4.29090909090909,841.2424242424242,521.1118558685907,231.66594030712133,256.4259690549134,cafe,
ChIJI9XucdEb6zkR-f06jO_HVv0,Shree Gudpak Bhandar,"Road, Bhaktapur 44800, Nepal",27.6672226,85.4256877,5.0,5.0,Bhaktapur Durbar Square,4,339.69492091616354,4.55,89.0,184.46114613962342,178.27128117391445,287.9238109189986,buffet_restaurant,
ChIJf5d6nYwb6zkRbw2eDHrCKes,Taleju Grand Hotel - Bhaktapur,"Darbar Square, Bhaktapur 44800, Nepal",27.6726564,85.42894989999999,4.7,22.0,Bhaktapur Durbar Square,35,42.590184848206235,4.252941176470587,853.0882352941177,451.6802551328247,95.22948030968135,223.86482118760824,hotel,
ChIJm_qC6AEb6zkR4db6qtgzfPI,Bambooze Corner Garden Restaurant,"Bhaktapur 44600, Nepal",27.68989,85.3741998,3.7,143.0,Bhaktapur Durbar Square,0,1120.925901040418,0.0,0.0,649.5548005557055,395.477456951943,411.74244068503964,restaurant,
ChIJYTnknOsb6zkRxnFiQt4CFN8,Durbar Coffee & Eatery,"MCCG+WJP, Bhaktapur 44800, Nepal",27.672341,85.4266082,4.6,26.0,Bhaktapur Durbar Square,36,74.2808434868781,4.2228571428571415,831.4285714285714,340.5294166586034,82.29120317311022,175.31142070561768,coffee_shop,
ChIJ-6p-wuYb6zkRi5d8PhptS0M,Durbar Thakali Grill,"M9GX+J7, Radhe Radhe Rd, Madhyapur Thimi, Nepal",27.6765194,85.3982044,3.5,384.0,Bhaktapur Durbar Square,2,185.30552914885516,3.7,193.5,206.67726077237043,370.56139749279873,48.97696435328854,korean_restaurant,PRICE_LEVEL_MODERATE
ChIJv_9Pr3Qb6zkRj3OehCnTFzk,Cafe Boh,"Radhe Radhe, Bhaktapur 44800, Nepal",27.6783498,85.3984108,4.5,278.0,Bhaktapur Durbar Square,2,203.85392164777807,3.2,246.5,182.31849189279885,258.563732403273,96.6399863198069,restaurant,
ChIJ7ysDSokb6zkRJgcO30l_m-w,HOTEL CENTRAL BHAKTAPUR,"Durbar square -2 Nearby Balakhu, Ganesh Temple, Bhaktapur 44500, Nepal",27.6727749,85.42964959999999,4.7,43.0,Bhaktapur Durbar Square,35,21.330844362016165,4.252941176470587,819.3823529411765,402.07147515486486,95.06344339852795,275.10013309150804,hotel,
ChIJQx0tsK8a6zkRVfsW8Wg0xBM,Sakotha Woh-Chatamari Fast Food,"MCCH+PQH Chatubrahma MahaVihar (Tadhichen Bahal), 12 Durbar Square Road, Bhaktapur 44800, Nepal",27.6719049,85.4294072,4.6,24.0,Bhaktapur Durbar Square,34,4.0389021134381045,4.248484848484848,843.6363636363636,498.0053726147274,178.7845086879066,293.4456348149784,fast_food_restaurant,
